Date and Time,ASTEP,ATIME,GAIN,LED Status,LED Intensity,Test,Seconds,Milliseconds,Type,F1 (Basic),F2 (Basic),F3 (Basic),F4 (Basic),F5 (Basic),F6 (Basic),F7 (Basic),F8 (Basic),Clear (Basic),NIR (Basic),Type,F1 (Raw),F2 (Raw),F3 (Raw),F4 (Raw),F5 (Raw),F6 (Raw),F7 (Raw),F8 (Raw),Clear (Raw),NIR (Raw),Measurement Type,,,,
2104/5/32 (Monday) 30:7:22,999,255,9,LED Status,LED Intensity,6,21,21491,BASIC COUNTS,0,0,0,0,0,0,0,0,0,0,RAW VALUES,134,592,57,19,14,17,16,11,562,0,chlorophyll a,,,,
2104/5/32 (Monday) 30:7:26,999,255,9,LED Status,LED Intensity,6,25,25481,BASIC COUNTS,0,0,0,0,0,0,0,0,0,0,RAW VALUES,131,589,57,20,13,16,15,11,559,0,chlorophyll a,,,,
2104/5/32 (Monday) 30:7:30,999,255,9,LED Status,LED Intensity,6,29,29470,BASIC COUNTS,0,0,0,0,0,0,0,0,0,0,RAW VALUES,131,587,58,19,14,18,15,10,557,0,chlorophyll a,,,,
2104/5/32 (Monday) 30:7:34,999,255,9,LED Status,LED Intensity,6,33,33459,BASIC COUNTS,0,0,0,0,0,0,0,0,0,0,RAW VALUES,131,585,57,20,14,17,15,11,558,0,chlorophyll a,,,,
2104/5/32 (Monday) 30:7:38,999,255,9,LED Status,LED Intensity,6,37,37448,BASIC COUNTS,0,0,0,0,0,0,0,0,0,0,RAW VALUES,130,585,57,20,13,16,15,11,559,0,chlorophyll a,,,,
2104/5/32 (Monday) 30:7:42,999,255,9,LED Status,LED Intensity,6,41,41437,BASIC COUNTS,0,0,0,0,0,0,0,0,0,0,RAW VALUES,130,586,57,20,14,16,15,11,559,0,chlorophyll a,,,,
2104/5/32 (Monday) 30:7:46,999,255,9,LED Status,LED Intensity,6,45,45427,BASIC COUNTS,0,0,0,0,0,0,0,0,0,0,RAW VALUES,130,587,57,20,15,16,15,11,559,0,chlorophyll a,,,,
2104/5/32 (Monday) 30:7:50,999,255,9,LED Status,LED Intensity,6,49,49414,BASIC COUNTS,0,0,0,0,0,0,0,0,0,0,RAW VALUES,131,588,57,20,13,17,15,11,558,0,chlorophyll a,,,,
2104/5/32 (Monday) 30:7:54,999,255,9,LED Status,LED Intensity,6,53,53402,BASIC COUNTS,0,0,0,0,0,0,0,0,0,0,RAW VALUES,129,587,57,20,13,16,15,11,558,0,chlorophyll a,,,,
2104/5/32 (Monday) 30:7:58,999,255,9,LED Status,LED Intensity,6,57,57391,BASIC COUNTS,0,0,0,0,0,0,0,0,0,0,RAW VALUES,129,586,57,20,13,17,15,12,556,0,chlorophyll a,,,,
2104/5/32 (Monday) 30:8:2,999,255,9,LED Status,LED Intensity,6,61,61380,BASIC COUNTS,0,0,0,0,0,0,0,0,0,0,RAW VALUES,130,584,58,20,14,16,15,11,557,0,chlorophyll a,,,,
2104/5/32 (Monday) 30:8:6,999,255,9,LED Status,LED Intensity,6,65,65369,BASIC COUNTS,0,0,0,0,0,0,0,0,0,0,RAW VALUES,130,586,57,20,14,17,15,11,559,0,chlorophyll a,,,,
2104/5/32 (Monday) 30:8:10,999,255,9,LED Status,LED Intensity,6,69,69358,BASIC COUNTS,0,0,0,0,0,0,0,0,0,0,RAW VALUES,130,587,57,20,14,17,16,11,559,0,chlorophyll a,,,,
2104/5/32 (Monday) 30:8:14,999,255,9,LED Status,LED Intensity,6,73,73347,BASIC COUNTS,0,0,0,0,0,0,0,0,0,0,RAW VALUES,130,588,57,19,14,16,15,11,558,0,chlorophyll a,,,,
2104/5/32 (Monday) 30:8:18,999,255,9,LED Status,LED Intensity,6,77,77336,BASIC COUNTS,0,0,0,0,0,0,0,0,0,0,RAW VALUES,134,601,59,20,14,17,15,11,568,0,chlorophyll a,,,,
2104/5/32 (Monday) 30:8:22,999,255,9,LED Status,LED Intensity,6,81,81324,BASIC COUNTS,0,0,0,0,0,0,0,0,0,0,RAW VALUES,131,592,58,20,14,16,15,11,563,0,chlorophyll a,,,,
2104/5/32 (Monday) 30:8:31,999,255,9,LED Status,LED Intensity,6,90,90313,BASIC COUNTS,0,0,0,0,0,0,0,0,0,0.01,RAW VALUES,1,5,4,4,2,11,2,0,409,1468,turbidity,,,,
2104/5/32 (Monday) 30:8:35,999,255,9,LED Status,LED Intensity,6,94,94301,BASIC COUNTS,0,0,0,0,0,0,0,0,0,0.01,RAW VALUES,1,3,3,4,3,11,2,1,404,1458,turbidity,,,,
2104/5/32 (Monday) 30:8:39,999,255,9,LED Status,LED Intensity,6,98,98289,BASIC COUNTS,0,0,0,0,0,0,0,0,0,0.01,RAW VALUES,1,4,4,4,1,11,1,1,402,1460,turbidity,,,,
2104/5/32 (Monday) 30:8:43,999,255,9,LED Status,LED Intensity,6,102,102277,BASIC COUNTS,0,0,0,0,0,0,0,0,0,0.01,RAW VALUES,1,5,4,4,2,10,2,1,403,1464,turbidity,,,,
2104/5/32 (Monday) 30:8:47,999,255,9,LED Status,LED Intensity,6,106,106266,BASIC COUNTS,0,0,0,0,0,0,0,0,0,0.01,RAW VALUES,1,5,3,4,2,11,2,1,404,1466,turbidity,,,,
2104/5/32 (Monday) 30:8:51,999,255,9,LED Status,LED Intensity,6,110,110255,BASIC COUNTS,0,0,0,0,0,0,0,0,0,0.01,RAW VALUES,2,4,3,4,2,11,2,1,402,1462,turbidity,,,,
2104/5/32 (Monday) 30:8:55,999,255,9,LED Status,LED Intensity,6,114,114244,BASIC COUNTS,0,0,0,0,0,0,0,0,0,0.01,RAW VALUES,1,4,3,4,1,10,2,1,400,1452,turbidity,,,,
2104/5/32 (Monday) 30:8:59,999,255,9,LED Status,LED Intensity,6,118,118232,BASIC COUNTS,0,0,0,0,0,0,0,0,0,0.01,RAW VALUES,2,4,3,4,2,11,1,1,399,1454,turbidity,,,,
2104/5/32 (Monday) 30:9:3,999,255,9,LED Status,LED Intensity,6,122,122221,BASIC COUNTS,0,0,0,0,0,0,0,0,0,0.01,RAW VALUES,1,3,3,6,1,11,1,0,403,1462,turbidity,,,,
2104/5/32 (Monday) 30:9:7,999,255,9,LED Status,LED Intensity,6,126,126210,BASIC COUNTS,0,0,0,0,0,0,0,0,0,0.01,RAW VALUES,1,3,4,4,2,11,1,1,401,1462,turbidity,,,,
2104/5/32 (Monday) 30:9:11,999,255,9,LED Status,LED Intensity,6,130,130198,BASIC COUNTS,0,0,0,0,0,0,0,0,0,0.01,RAW VALUES,1,3,4,4,2,10,2,2,399,1452,turbidity,,,,
2104/5/32 (Monday) 30:9:15,999,255,9,LED Status,LED Intensity,6,134,134187,BASIC COUNTS,0,0,0,0,0,0,0,0,0,0.01,RAW VALUES,1,4,4,5,2,11,2,0,400,1456,turbidity,,,,
2104/5/32 (Monday) 30:9:19,999,255,9,LED Status,LED Intensity,6,138,138176,BASIC COUNTS,0,0,0,0,0,0,0,0,0,0.01,RAW VALUES,1,4,4,4,1,10,2,1,402,1460,turbidity,,,,
2104/5/32 (Monday) 30:9:23,999,255,9,LED Status,LED Intensity,6,142,142165,BASIC COUNTS,0,0,0,0,0,0,0,0,0,0.01,RAW VALUES,1,4,3,4,1,12,1,1,404,1468,turbidity,,,,
2104/5/32 (Monday) 30:9:27,999,255,9,LED Status,LED Intensity,6,146,146154,BASIC COUNTS,0,0,0,0,0,0,0,0,0,0.01,RAW VALUES,2,4,2,4,1,11,2,1,403,1462,turbidity,,,,
2104/5/32 (Monday) 30:9:30,999,255,9,LED Status,LED Intensity,6,150,150142,BASIC COUNTS,0,0,0,0,0,0,0,0,0,0.01,RAW VALUES,1,4,4,4,1,10,2,1,400,1456,turbidity,,,,
Date and Time,ASTEP,ATIME,GAIN,LED Status,LED Intensity,Test,Seconds,Milliseconds,Type,F1 (Basic),F2 (Basic),F3 (Basic),F4 (Basic),F5 (Basic),F6 (Basic),F7 (Basic),F8 (Basic),Clear (Basic),NIR (Basic),Type,F1 (Raw),F2 (Raw),F3 (Raw),F4 (Raw),F5 (Raw),F6 (Raw),F7 (Raw),F8 (Raw),Clear (Raw),NIR (Raw),Measurement Type,,,,
2104/5/32 (Monday) 30:15:25,999,255,9,LED Status,LED Intensity,6,4,4549,BASIC COUNTS,0,0,0,0,0,0,0,0,0,0,RAW VALUES,133,579,55,20,14,18,16,12,556,0,chlorophyll a,,11,0.6875,10.3125
2104/5/32 (Monday) 30:15:29,999,255,9,LED Status,LED Intensity,6,8,8538,BASIC COUNTS,0,0,0,0,0,0,0,0,0,0,RAW VALUES,131,578,56,19,13,16,14,11,554,0,chlorophyll a,,,,
2104/5/32 (Monday) 30:15:33,999,255,9,LED Status,LED Intensity,6,12,12528,BASIC COUNTS,0,0,0,0,0,0,0,0,0,0,RAW VALUES,132,580,54,20,13,17,15,11,556,0,chlorophyll a,,,,
2104/5/32 (Monday) 30:15:37,999,255,9,LED Status,LED Intensity,6,16,16516,BASIC COUNTS,0,0,0,0,0,0,0,0,0,0,RAW VALUES,131,580,55,20,13,15,15,11,553,0,chlorophyll a,,,,
2104/5/32 (Monday) 30:15:41,999,255,9,LED Status,LED Intensity,6,20,20505,BASIC COUNTS,0,0,0,0,0,0,0,0,0,0,RAW VALUES,129,577,56,20,13,15,15,11,550,0,chlorophyll a,,,,
2104/5/32 (Monday) 30:15:45,999,255,9,LED Status,LED Intensity,6,24,24502,BASIC COUNTS,0,0,0,0,0,0,0,0,0,0,RAW VALUES,129,578,56,20,13,16,15,11,552,0,chlorophyll a,,,,
2104/5/32 (Monday) 30:15:49,999,255,9,LED Status,LED Intensity,6,28,28491,BASIC COUNTS,0,0,0,0,0,0,0,0,0,0,RAW VALUES,130,578,56,20,13,17,15,11,552,0,chlorophyll a,,,,
2104/5/32 (Monday) 30:15:53,999,255,9,LED Status,LED Intensity,6,32,32481,BASIC COUNTS,0,0,0,0,0,0,0,0,0,0,RAW VALUES,130,578,56,20,13,17,14,11,549,0,chlorophyll a,,,,
2104/5/32 (Monday) 30:15:57,999,255,9,LED Status,LED Intensity,6,36,36469,BASIC COUNTS,0,0,0,0,0,0,0,0,0,0,RAW VALUES,129,578,57,19,13,16,15,11,552,0,chlorophyll a,,,,
2104/5/32 (Monday) 30:16:1,999,255,9,LED Status,LED Intensity,6,40,40456,BASIC COUNTS,0,0,0,0,0,0,0,0,0,0,RAW VALUES,130,582,57,20,13,16,15,10,552,0,chlorophyll a,,,,
2104/5/32 (Monday) 30:16:5,999,255,9,LED Status,LED Intensity,6,44,44445,BASIC COUNTS,0,0,0,0,0,0,0,0,0,0,RAW VALUES,130,581,56,19,13,17,15,11,551,0,chlorophyll a,,,,
2104/5/32 (Monday) 30:16:9,999,255,9,LED Status,LED Intensity,6,48,48433,BASIC COUNTS,0,0,0,0,0,0,0,0,0,0,RAW VALUES,128,579,56,19,14,15,14,11,553,0,chlorophyll a,,,,
2104/5/32 (Monday) 30:16:13,999,255,9,LED Status,LED Intensity,6,52,52422,BASIC COUNTS,0,0,0,0,0,0,0,0,0,0,RAW VALUES,129,579,56,19,13,15,15,11,552,0,chlorophyll a,,,,
2104/5/32 (Monday) 30:16:17,999,255,9,LED Status,LED Intensity,6,56,56410,BASIC COUNTS,0,0,0,0,0,0,0,0,0,0,RAW VALUES,129,579,56,19,13,16,15,11,551,0,chlorophyll a,,,,
2104/5/32 (Monday) 30:16:21,999,255,9,LED Status,LED Intensity,6,60,60399,BASIC COUNTS,0,0,0,0,0,0,0,0,0,0,RAW VALUES,128,580,56,19,12,16,15,11,550,0,chlorophyll a,,,,
2104/5/32 (Monday) 30:16:25,999,255,9,LED Status,LED Intensity,6,64,64388,BASIC COUNTS,0,0,0,0,0,0,0,0,0,0,RAW VALUES,128,577,57,19,14,16,15,11,549,0,chlorophyll a,,,,
2104/5/32 (Monday) 30:16:34,999,255,9,LED Status,LED Intensity,6,73,73376,BASIC COUNTS,0,0,0,0,0,0,0,0,0,0.01,RAW VALUES,2,3,4,5,2,10,2,0,402,1438,turbidity,,,,
2104/5/32 (Monday) 30:16:38,999,255,9,LED Status,LED Intensity,6,77,77363,BASIC COUNTS,0,0,0,0,0,0,0,0,0,0.01,RAW VALUES,0,4,2,4,1,11,2,1,396,1438,turbidity,,,,
2104/5/32 (Monday) 30:16:42,999,255,9,LED Status,LED Intensity,6,81,81352,BASIC COUNTS,0,0,0,0,0,0,0,0,0,0.01,RAW VALUES,1,4,3,4,1,11,2,1,395,1432,turbidity,,,,
2104/5/32 (Monday) 30:16:46,999,255,9,LED Status,LED Intensity,6,85,85340,BASIC COUNTS,0,0,0,0,0,0,0,0,0,0.01,RAW VALUES,1,4,4,4,2,10,2,1,393,1432,turbidity,,,,
2104/5/32 (Monday) 30:16:50,999,255,9,LED Status,LED Intensity,6,89,89328,BASIC COUNTS,0,0,0,0,0,0,0,0,0,0.01,RAW VALUES,0,4,3,4,0,10,2,0,394,1430,turbidity,,,,
2104/5/32 (Monday) 30:16:54,999,255,9,LED Status,LED Intensity,6,93,93317,BASIC COUNTS,0,0,0,0,0,0,0,0,0,0.01,RAW VALUES,1,5,3,5,2,10,1,1,393,1430,turbidity,,,,
2104/5/32 (Monday) 30:16:58,999,255,9,LED Status,LED Intensity,6,97,97305,BASIC COUNTS,0,0,0,0,0,0,0,0,0,0.01,RAW VALUES,0,4,4,3,1,11,1,1,393,1432,turbidity,,,,
2104/5/32 (Monday) 30:17:2,999,255,9,LED Status,LED Intensity,6,101,101294,BASIC COUNTS,0,0,0,0,0,0,0,0,0,0.01,RAW VALUES,1,3,2,5,1,11,1,1,391,1432,turbidity,,,,
2104/5/32 (Monday) 30:17:6,999,255,9,LED Status,LED Intensity,6,105,105282,BASIC COUNTS,0,0,0,0,0,0,0,0,0,0.01,RAW VALUES,0,4,4,4,2,10,1,1,391,1432,turbidity,,,,
2104/5/32 (Monday) 30:17:10,999,255,9,LED Status,LED Intensity,6,109,109271,BASIC COUNTS,0,0,0,0,0,0,0,0,0,0.01,RAW VALUES,1,5,3,3,2,11,2,1,392,1430,turbidity,,,,
2104/5/32 (Monday) 30:17:14,999,255,9,LED Status,LED Intensity,6,113,113260,BASIC COUNTS,0,0,0,0,0,0,0,0,0,0.01,RAW VALUES,0,3,2,4,1,10,1,1,392,1428,turbidity,,,,
2104/5/32 (Monday) 30:17:18,999,255,9,LED Status,LED Intensity,6,117,117248,BASIC COUNTS,0,0,0,0,0,0,0,0,0,0.01,RAW VALUES,0,4,2,4,1,10,2,1,391,1432,turbidity,,,,
2104/5/32 (Monday) 30:17:22,999,255,9,LED Status,LED Intensity,6,121,121235,BASIC COUNTS,0,0,0,0,0,0,0,0,0,0.01,RAW VALUES,1,4,2,4,1,10,1,1,393,1436,turbidity,,,,
2104/5/32 (Monday) 30:17:26,999,255,9,LED Status,LED Intensity,6,125,125224,BASIC COUNTS,0,0,0,0,0,0,0,0,0,0.01,RAW VALUES,1,4,2,4,2,10,2,0,392,1434,turbidity,,,,
2104/5/32 (Monday) 30:17:30,999,255,9,LED Status,LED Intensity,6,129,129212,BASIC COUNTS,0,0,0,0,0,0,0,0,0,0.01,RAW VALUES,1,3,4,4,2,10,2,0,391,1428,turbidity,,,,
2104/5/32 (Monday) 30:17:34,999,255,9,LED Status,LED Intensity,6,133,133202,BASIC COUNTS,0,0,0,0,0,0,0,0,0,0.01,RAW VALUES,1,3,2,4,1,11,2,0,393,1428,turbidity,,,,
Date and Time,ASTEP,ATIME,GAIN,LED Status,LED Intensity,Test,Seconds,Milliseconds,Type,F1 (Basic),F2 (Basic),F3 (Basic),F4 (Basic),F5 (Basic),F6 (Basic),F7 (Basic),F8 (Basic),Clear (Basic),NIR (Basic),Type,F1 (Raw),F2 (Raw),F3 (Raw),F4 (Raw),F5 (Raw),F6 (Raw),F7 (Raw),F8 (Raw),Clear (Raw),NIR (Raw),Measurement Type,,,,
2104/5/32 (Monday) 30:20:14,999,255,9,LED Status,LED Intensity,6,4,4341,BASIC COUNTS,0,0,0,0,0,0,0,0,0,0,RAW VALUES,124,582,55,12,10,13,42,79,573,0,chlorophyll a,,77.25,0,77.25
2104/5/32 (Monday) 30:20:18,999,255,9,LED Status,LED Intensity,6,8,8330,BASIC COUNTS,0,0,0,0,0,0,0,0,0,0,RAW VALUES,124,581,55,13,9,15,42,78,578,0,chlorophyll a,,,,
2104/5/32 (Monday) 30:20:22,999,255,9,LED Status,LED Intensity,6,12,12318,BASIC COUNTS,0,0,0,0,0,0,0,0,0,0,RAW VALUES,124,590,56,13,10,13,42,80,584,0,chlorophyll a,,,,
2104/5/32 (Monday) 30:20:26,999,255,9,LED Status,LED Intensity,6,16,16307,BASIC COUNTS,0,0,0,0,0,0,0,0,0,0,RAW VALUES,122,585,55,12,9,13,41,78,576,0,chlorophyll a,,,,
2104/5/32 (Monday) 30:20:30,999,255,9,LED Status,LED Intensity,6,20,20296,BASIC COUNTS,0,0,0,0,0,0,0,0,0,0,RAW VALUES,118,574,56,12,9,12,41,78,565,0,chlorophyll a,,,,
2104/5/32 (Monday) 30:20:34,999,255,9,LED Status,LED Intensity,6,24,24284,BASIC COUNTS,0,0,0,0,0,0,0,0,0,0,RAW VALUES,118,571,56,12,8,13,41,77,562,0,chlorophyll a,,,,
2104/5/32 (Monday) 30:20:38,999,255,9,LED Status,LED Intensity,6,28,28272,BASIC COUNTS,0,0,0,0,0,0,0,0,0,0,RAW VALUES,118,570,56,12,8,11,41,78,562,0,chlorophyll a,,,,
2104/5/32 (Monday) 30:20:42,999,255,9,LED Status,LED Intensity,6,32,32260,BASIC COUNTS,0,0,0,0,0,0,0,0,0,0,RAW VALUES,119,571,56,12,8,12,41,76,562,0,chlorophyll a,,,,
2104/5/32 (Monday) 30:20:46,999,255,9,LED Status,LED Intensity,6,36,36250,BASIC COUNTS,0,0,0,0,0,0,0,0,0,0,RAW VALUES,119,574,56,12,8,13,41,77,572,0,chlorophyll a,,,,
2104/5/32 (Monday) 30:20:50,999,255,9,LED Status,LED Intensity,6,40,40238,BASIC COUNTS,0,0,0,0,0,0,0,0,0,0,RAW VALUES,119,577,55,12,9,14,42,77,570,0,chlorophyll a,,,,
2104/5/32 (Monday) 30:20:54,999,255,9,LED Status,LED Intensity,6,44,44226,BASIC COUNTS,0,0,0,0,0,0,0,0,0,0,RAW VALUES,119,575,56,12,9,13,41,77,565,0,chlorophyll a,,,,
2104/5/32 (Monday) 30:20:58,999,255,9,LED Status,LED Intensity,6,48,48215,BASIC COUNTS,0,0,0,0,0,0,0,0,0,0,RAW VALUES,119,575,56,12,9,11,40,77,564,0,chlorophyll a,,,,
2104/5/32 (Monday) 30:21:2,999,255,9,LED Status,LED Intensity,6,52,52204,BASIC COUNTS,0,0,0,0,0,0,0,0,0,0,RAW VALUES,116,569,56,11,9,12,40,76,561,0,chlorophyll a,,,,
2104/5/32 (Monday) 30:21:6,999,255,9,LED Status,LED Intensity,6,56,56192,BASIC COUNTS,0,0,0,0,0,0,0,0,0,0,RAW VALUES,118,568,55,12,8,12,41,76,561,0,chlorophyll a,,,,
2104/5/32 (Monday) 30:21:10,999,255,9,LED Status,LED Intensity,6,60,60181,BASIC COUNTS,0,0,0,0,0,0,0,0,0,0,RAW VALUES,116,567,56,12,8,12,40,76,559,0,chlorophyll a,,,,
2104/5/32 (Monday) 30:21:14,999,255,9,LED Status,LED Intensity,6,64,64170,BASIC COUNTS,0,0,0,0,0,0,0,0,0,0,RAW VALUES,116,563,56,11,8,12,39,76,552,0,chlorophyll a,,,,
2104/5/32 (Monday) 30:21:23,999,255,9,LED Status,LED Intensity,6,73,73160,BASIC COUNTS,0,0,0,0,0,0,0,0,0,0.01,RAW VALUES,0,2,1,1,0,7,0,0,318,1198,turbidity,,,,
2104/5/32 (Monday) 30:21:27,999,255,9,LED Status,LED Intensity,6,77,77149,BASIC COUNTS,0,0,0,0,0,0,0,0,0,0.01,RAW VALUES,0,2,1,1,0,7,0,0,316,1198,turbidity,,,,
2104/5/32 (Monday) 30:21:31,999,255,9,LED Status,LED Intensity,6,81,81137,BASIC COUNTS,0,0,0,0,0,0,0,0,0,0.01,RAW VALUES,0,2,2,1,0,7,0,0,314,1186,turbidity,,,,
2104/5/32 (Monday) 30:21:35,999,255,9,LED Status,LED Intensity,6,85,85126,BASIC COUNTS,0,0,0,0,0,0,0,0,0,0.01,RAW VALUES,0,2,1,1,0,8,0,0,313,1192,turbidity,,,,
2104/5/32 (Monday) 30:21:39,999,255,9,LED Status,LED Intensity,6,89,89115,BASIC COUNTS,0,0,0,0,0,0,0,0,0,0.01,RAW VALUES,0,2,2,2,0,7,0,0,313,1188,turbidity,,,,
2104/5/32 (Monday) 30:21:43,999,255,9,LED Status,LED Intensity,6,93,93104,BASIC COUNTS,0,0,0,0,0,0,0,0,0,0.01,RAW VALUES,0,1,0,1,0,7,1,0,310,1186,turbidity,,,,
2104/5/32 (Monday) 30:21:47,999,255,9,LED Status,LED Intensity,6,97,97093,BASIC COUNTS,0,0,0,0,0,0,0,0,0,0.01,RAW VALUES,0,1,1,1,1,7,0,0,313,1190,turbidity,,,,
2104/5/32 (Monday) 30:21:51,999,255,9,LED Status,LED Intensity,6,101,101081,BASIC COUNTS,0,0,0,0,0,0,0,0,0,0.01,RAW VALUES,0,1,2,1,0,7,0,0,310,1184,turbidity,,,,
2104/5/32 (Monday) 30:21:55,999,255,9,LED Status,LED Intensity,6,105,105071,BASIC COUNTS,0,0,0,0,0,0,0,0,0,0.01,RAW VALUES,0,0,1,1,0,7,0,0,310,1178,turbidity,,,,
2104/5/32 (Monday) 30:21:59,999,255,9,LED Status,LED Intensity,6,109,109059,BASIC COUNTS,0,0,0,0,0,0,0,0,0,0.01,RAW VALUES,0,0,2,1,0,7,0,0,308,1182,turbidity,,,,
2104/5/32 (Monday) 30:22:3,999,255,9,LED Status,LED Intensity,6,113,113048,BASIC COUNTS,0,0,0,0,0,0,0,0,0,0.01,RAW VALUES,0,1,1,1,0,8,0,0,312,1186,turbidity,,,,
2104/5/32 (Monday) 30:22:7,999,255,9,LED Status,LED Intensity,6,117,117038,BASIC COUNTS,0,0,0,0,0,0,0,0,0,0.01,RAW VALUES,0,1,2,1,0,7,0,0,311,1188,turbidity,,,,
2104/5/32 (Monday) 30:22:11,999,255,9,LED Status,LED Intensity,6,121,121026,BASIC COUNTS,0,0,0,0,0,0,0,0,0,0.01,RAW VALUES,0,2,0,1,0,7,0,0,312,1196,turbidity,,,,
2104/5/32 (Monday) 30:22:15,999,255,9,LED Status,LED Intensity,6,125,125014,BASIC COUNTS,0,0,0,0,0,0,0,0,0,0.01,RAW VALUES,0,2,1,1,0,8,0,0,310,1184,turbidity,,,,
2104/5/32 (Monday) 30:22:19,999,255,9,LED Status,LED Intensity,6,129,129003,BASIC COUNTS,0,0,0,0,0,0,0,0,0,0.01,RAW VALUES,0,1,0,1,0,6,0,0,310,1188,turbidity,,,,
2104/5/32 (Monday) 30:22:23,999,255,9,LED Status,LED Intensity,6,132,132992,BASIC COUNTS,0,0,0,0,0,0,0,0,0,0.01,RAW VALUES,0,0,2,1,0,6,0,0,309,1184,turbidity,,,,
Date and Time,ASTEP,ATIME,GAIN,LED Status,LED Intensity,Test,Seconds,Milliseconds,Type,F1 (Basic),F2 (Basic),F3 (Basic),F4 (Basic),F5 (Basic),F6 (Basic),F7 (Basic),F8 (Basic),Clear (Basic),NIR (Basic),Type,F1 (Raw),F2 (Raw),F3 (Raw),F4 (Raw),F5 (Raw),F6 (Raw),F7 (Raw),F8 (Raw),Clear (Raw),NIR (Raw),Measurement Type,,,,
2104/5/32 (Monday) 30:25:58,999,255,9,LED Status,LED Intensity,6,4,4539,BASIC COUNTS,0,0,0,0,0,0,0,0,0,0,RAW VALUES,165,684,61,17,13,18,78,157,764,0,chlorophyll a,,150.875,1.5625,149.3125
2104/5/32 (Monday) 30:26:2,999,255,9,LED Status,LED Intensity,6,8,8528,BASIC COUNTS,0,0,0,0,0,0,0,0,0,0,RAW VALUES,161,679,61,16,12,19,77,155,755,0,chlorophyll a,,,,
2104/5/32 (Monday) 30:26:6,999,255,9,LED Status,LED Intensity,6,12,12517,BASIC COUNTS,0,0,0,0,0,0,0,0,0,0,RAW VALUES,159,673,60,16,13,19,77,154,748,0,chlorophyll a,,,,
2104/5/32 (Monday) 30:26:10,999,255,9,LED Status,LED Intensity,6,16,16504,BASIC COUNTS,0,0,0,0,0,0,0,0,0,0,RAW VALUES,158,674,61,15,12,19,76,153,750,0,chlorophyll a,,,,
2104/5/32 (Monday) 30:26:14,999,255,9,LED Status,LED Intensity,6,20,20493,BASIC COUNTS,0,0,0,0,0,0,0,0,0,0,RAW VALUES,160,677,61,17,13,20,76,152,752,0,chlorophyll a,,,,
2104/5/32 (Monday) 30:26:18,999,255,9,LED Status,LED Intensity,6,24,24481,BASIC COUNTS,0,0,0,0,0,0,0,0,0,0,RAW VALUES,158,675,61,17,13,18,76,151,750,0,chlorophyll a,,,,
2104/5/32 (Monday) 30:26:22,999,255,9,LED Status,LED Intensity,6,28,28469,BASIC COUNTS,0,0,0,0,0,0,0,0,0,0,RAW VALUES,158,672,62,16,12,18,75,151,749,0,chlorophyll a,,,,
2104/5/32 (Monday) 30:26:26,999,255,9,LED Status,LED Intensity,6,32,32458,BASIC COUNTS,0,0,0,0,0,0,0,0,0,0,RAW VALUES,158,674,61,17,13,19,75,150,748,0,chlorophyll a,,,,
2104/5/32 (Monday) 30:26:30,999,255,9,LED Status,LED Intensity,6,36,36447,BASIC COUNTS,0,0,0,0,0,0,0,0,0,0,RAW VALUES,159,681,62,17,13,19,75,149,755,0,chlorophyll a,,,,
2104/5/32 (Monday) 30:26:34,999,255,9,LED Status,LED Intensity,6,40,40436,BASIC COUNTS,0,0,0,0,0,0,0,0,0,0,RAW VALUES,166,696,63,16,13,20,75,150,770,0,chlorophyll a,,,,
2104/5/32 (Monday) 30:26:38,999,255,9,LED Status,LED Intensity,6,44,44424,BASIC COUNTS,0,0,0,0,0,0,0,0,0,0,RAW VALUES,164,692,63,17,13,19,75,150,761,0,chlorophyll a,,,,
2104/5/32 (Monday) 30:26:42,999,255,9,LED Status,LED Intensity,6,48,48412,BASIC COUNTS,0,0,0,0,0,0,0,0,0,0,RAW VALUES,157,673,62,16,12,19,74,149,744,0,chlorophyll a,,,,
2104/5/32 (Monday) 30:26:46,999,255,9,LED Status,LED Intensity,6,52,52401,BASIC COUNTS,0,0,0,0,0,0,0,0,0,0,RAW VALUES,155,666,62,15,13,18,74,149,738,0,chlorophyll a,,,,
2104/5/32 (Monday) 30:26:50,999,255,9,LED Status,LED Intensity,6,56,56390,BASIC COUNTS,0,0,0,0,0,0,0,0,0,0,RAW VALUES,155,666,60,15,13,18,73,148,737,0,chlorophyll a,,,,
2104/5/32 (Monday) 30:26:54,999,255,9,LED Status,LED Intensity,6,60,60378,BASIC COUNTS,0,0,0,0,0,0,0,0,0,0,RAW VALUES,153,667,60,15,13,18,74,149,737,0,chlorophyll a,,,,
2104/5/32 (Monday) 30:26:58,999,255,9,LED Status,LED Intensity,6,64,64366,BASIC COUNTS,0,0,0,0,0,0,0,0,0,0,RAW VALUES,153,667,61,15,13,18,74,147,735,0,chlorophyll a,,,,
2104/5/32 (Monday) 30:27:7,999,255,9,LED Status,LED Intensity,6,73,73354,BASIC COUNTS,0,0,0,0,0,0,0,0,0,0.01,RAW VALUES,3,6,5,5,2,13,4,1,471,1680,turbidity,,,,
2104/5/32 (Monday) 30:27:11,999,255,9,LED Status,LED Intensity,6,77,77343,BASIC COUNTS,0,0,0,0,0,0,0,0,0,0.01,RAW VALUES,2,6,5,5,3,13,4,2,467,1678,turbidity,,,,
2104/5/32 (Monday) 30:27:15,999,255,9,LED Status,LED Intensity,6,81,81331,BASIC COUNTS,0,0,0,0,0,0,0,0,0,0.01,RAW VALUES,3,6,5,5,3,13,2,2,466,1674,turbidity,,,,
2104/5/32 (Monday) 30:27:19,999,255,9,LED Status,LED Intensity,6,85,85318,BASIC COUNTS,0,0,0,0,0,0,0,0,0,0.01,RAW VALUES,3,6,5,6,3,12,3,1,462,1668,turbidity,,,,
2104/5/32 (Monday) 30:27:23,999,255,9,LED Status,LED Intensity,6,89,89307,BASIC COUNTS,0,0,0,0,0,0,0,0,0,0.01,RAW VALUES,1,5,5,7,2,14,3,1,460,1666,turbidity,,,,
2104/5/32 (Monday) 30:27:27,999,255,9,LED Status,LED Intensity,6,93,93295,BASIC COUNTS,0,0,0,0,0,0,0,0,0,0.01,RAW VALUES,2,6,4,5,2,14,3,2,461,1666,turbidity,,,,
2104/5/32 (Monday) 30:27:31,999,255,9,LED Status,LED Intensity,6,97,97283,BASIC COUNTS,0,0,0,0,0,0,0,0,0,0.01,RAW VALUES,3,6,5,5,3,13,3,1,461,1664,turbidity,,,,
2104/5/32 (Monday) 30:27:35,999,255,9,LED Status,LED Intensity,6,101,101271,BASIC COUNTS,0,0,0,0,0,0,0,0,0,0.01,RAW VALUES,2,6,5,6,2,14,4,1,461,1668,turbidity,,,,
2104/5/32 (Monday) 30:27:39,999,255,9,LED Status,LED Intensity,6,105,105260,BASIC COUNTS,0,0,0,0,0,0,0,0,0,0.01,RAW VALUES,3,5,5,6,3,14,2,1,461,1670,turbidity,,,,
2104/5/32 (Monday) 30:27:43,999,255,9,LED Status,LED Intensity,6,109,109250,BASIC COUNTS,0,0,0,0,0,0,0,0,0,0.01,RAW VALUES,3,4,5,5,2,13,2,2,460,1670,turbidity,,,,
2104/5/32 (Monday) 30:27:47,999,255,9,LED Status,LED Intensity,6,113,113238,BASIC COUNTS,0,0,0,0,0,0,0,0,0,0.01,RAW VALUES,2,7,4,7,2,13,3,1,465,1680,turbidity,,,,
2104/5/32 (Monday) 30:27:51,999,255,9,LED Status,LED Intensity,6,117,117227,BASIC COUNTS,0,0,0,0,0,0,0,0,0,0.01,RAW VALUES,1,6,5,6,4,13,4,1,464,1680,turbidity,,,,
2104/5/32 (Monday) 30:27:55,999,255,9,LED Status,LED Intensity,6,121,121216,BASIC COUNTS,0,0,0,0,0,0,0,0,0,0.01,RAW VALUES,2,5,5,5,4,12,3,3,463,1676,turbidity,,,,
2104/5/32 (Monday) 30:27:59,999,255,9,LED Status,LED Intensity,6,125,125204,BASIC COUNTS,0,0,0,0,0,0,0,0,0,0.01,RAW VALUES,1,6,5,5,3,12,3,2,466,1682,turbidity,,,,
2104/5/32 (Monday) 30:28:3,999,255,9,LED Status,LED Intensity,6,129,129192,BASIC COUNTS,0,0,0,0,0,0,0,0,0,0.01,RAW VALUES,2,5,5,7,3,13,2,3,466,1688,turbidity,,,,
2104/5/32 (Monday) 30:28:7,999,255,9,LED Status,LED Intensity,6,133,133181,BASIC COUNTS,0,0,0,0,0,0,0,0,0,0.01,RAW VALUES,2,5,5,7,3,13,3,1,468,1692,turbidity,,,,
Date and Time,ASTEP,ATIME,GAIN,LED Status,LED Intensity,Test,Seconds,Milliseconds,Type,F1 (Basic),F2 (Basic),F3 (Basic),F4 (Basic),F5 (Basic),F6 (Basic),F7 (Basic),F8 (Basic),Clear (Basic),NIR (Basic),Type,F1 (Raw),F2 (Raw),F3 (Raw),F4 (Raw),F5 (Raw),F6 (Raw),F7 (Raw),F8 (Raw),Clear (Raw),NIR (Raw),Measurement Type,,,,
2104/5/32 (Monday) 30:32:43,999,255,9,LED Status,LED Intensity,6,4,4412,BASIC COUNTS,0,0,0,0,0,0,0,0,0,0,RAW VALUES,151,630,58,18,15,23,140,304,828,0,chlorophyll a,,292.9375,0.375,292.5625
2104/5/32 (Monday) 30:32:47,999,255,9,LED Status,LED Intensity,6,8,8400,BASIC COUNTS,0,0,0,0,0,0,0,0,0,0,RAW VALUES,146,613,58,18,15,22,137,301,814,0,chlorophyll a,,,,
2104/5/32 (Monday) 30:32:51,999,255,9,LED Status,LED Intensity,6,12,12390,BASIC COUNTS,0,0,0,0,0,0,0,0,0,0,RAW VALUES,146,620,58,18,16,20,138,299,821,0,chlorophyll a,,,,
2104/5/32 (Monday) 30:32:55,999,255,9,LED Status,LED Intensity,6,16,16377,BASIC COUNTS,0,0,0,0,0,0,0,0,0,0,RAW VALUES,147,623,59,18,16,21,136,297,816,0,chlorophyll a,,,,
2104/5/32 (Monday) 30:32:59,999,255,9,LED Status,LED Intensity,6,20,20365,BASIC COUNTS,0,0,0,0,0,0,0,0,0,0,RAW VALUES,145,620,59,16,15,21,137,296,815,0,chlorophyll a,,,,
2104/5/32 (Monday) 30:33:3,999,255,9,LED Status,LED Intensity,6,24,24354,BASIC COUNTS,0,0,0,0,0,0,0,0,0,0,RAW VALUES,147,625,58,17,16,21,134,294,819,0,chlorophyll a,,,,
2104/5/32 (Monday) 30:33:7,999,255,9,LED Status,LED Intensity,6,28,28342,BASIC COUNTS,0,0,0,0,0,0,0,0,0,0,RAW VALUES,149,633,60,18,17,21,135,294,828,0,chlorophyll a,,,,
2104/5/32 (Monday) 30:33:11,999,255,9,LED Status,LED Intensity,6,32,32330,BASIC COUNTS,0,0,0,0,0,0,0,0,0,0,RAW VALUES,150,640,61,18,16,21,134,291,824,0,chlorophyll a,,,,
2104/5/32 (Monday) 30:33:15,999,255,9,LED Status,LED Intensity,6,36,36318,BASIC COUNTS,0,0,0,0,0,0,0,0,0,0,RAW VALUES,145,621,59,16,15,22,134,291,804,0,chlorophyll a,,,,
2104/5/32 (Monday) 30:33:19,999,255,9,LED Status,LED Intensity,6,40,40306,BASIC COUNTS,0,0,0,0,0,0,0,0,0,0,RAW VALUES,143,617,59,17,15,21,134,290,805,0,chlorophyll a,,,,
2104/5/32 (Monday) 30:33:23,999,255,9,LED Status,LED Intensity,6,44,44295,BASIC COUNTS,0,0,0,0,0,0,0,0,0,0,RAW VALUES,142,615,58,16,15,20,134,289,804,0,chlorophyll a,,,,
2104/5/32 (Monday) 30:33:27,999,255,9,LED Status,LED Intensity,6,48,48283,BASIC COUNTS,0,0,0,0,0,0,0,0,0,0,RAW VALUES,143,620,60,17,15,21,134,289,807,0,chlorophyll a,,,,
2104/5/32 (Monday) 30:33:31,999,255,9,LED Status,LED Intensity,6,52,52271,BASIC COUNTS,0,0,0,0,0,0,0,0,0,0,RAW VALUES,144,620,58,17,15,21,134,289,807,0,chlorophyll a,,,,
2104/5/32 (Monday) 30:33:35,999,255,9,LED Status,LED Intensity,6,56,56260,BASIC COUNTS,0,0,0,0,0,0,0,0,0,0,RAW VALUES,143,620,60,16,15,21,133,288,806,0,chlorophyll a,,,,
2104/5/32 (Monday) 30:33:39,999,255,9,LED Status,LED Intensity,6,60,60249,BASIC COUNTS,0,0,0,0,0,0,0,0,0,0,RAW VALUES,142,617,58,17,15,21,131,288,802,0,chlorophyll a,,,,
2104/5/32 (Monday) 30:33:43,999,255,9,LED Status,LED Intensity,6,64,64238,BASIC COUNTS,0,0,0,0,0,0,0,0,0,0,RAW VALUES,145,625,58,16,16,20,133,287,811,0,chlorophyll a,,,,
2104/5/32 (Monday) 30:33:52,999,255,9,LED Status,LED Intensity,6,73,73226,BASIC COUNTS,0,0,0,0,0,0,0,0,0,0.01,RAW VALUES,0,4,3,3,2,10,1,0,396,1448,turbidity,,,,
2104/5/32 (Monday) 30:33:56,999,255,9,LED Status,LED Intensity,6,77,77215,BASIC COUNTS,0,0,0,0,0,0,0,0,0,0.01,RAW VALUES,1,4,3,3,2,10,1,1,394,1450,turbidity,,,,
2104/5/32 (Monday) 30:34:0,999,255,9,LED Status,LED Intensity,6,81,81204,BASIC COUNTS,0,0,0,0,0,0,0,0,0,0.01,RAW VALUES,1,3,3,3,1,9,1,1,389,1432,turbidity,,,,
2104/5/32 (Monday) 30:34:4,999,255,9,LED Status,LED Intensity,6,85,85192,BASIC COUNTS,0,0,0,0,0,0,0,0,0,0.01,RAW VALUES,1,3,3,3,1,10,2,0,386,1430,turbidity,,,,
2104/5/32 (Monday) 30:34:8,999,255,9,LED Status,LED Intensity,6,89,89180,BASIC COUNTS,0,0,0,0,0,0,0,0,0,0.01,RAW VALUES,0,3,2,3,1,10,1,1,389,1440,turbidity,,,,
2104/5/32 (Monday) 30:34:12,999,255,9,LED Status,LED Intensity,6,93,93169,BASIC COUNTS,0,0,0,0,0,0,0,0,0,0.01,RAW VALUES,1,3,2,4,1,10,1,0,388,1436,turbidity,,,,
2104/5/32 (Monday) 30:34:16,999,255,9,LED Status,LED Intensity,6,97,97158,BASIC COUNTS,0,0,0,0,0,0,0,0,0,0.01,RAW VALUES,1,5,2,2,1,10,1,1,387,1430,turbidity,,,,
2104/5/32 (Monday) 30:34:20,999,255,9,LED Status,LED Intensity,6,101,101147,BASIC COUNTS,0,0,0,0,0,0,0,0,0,0.01,RAW VALUES,0,4,2,3,0,9,2,1,386,1432,turbidity,,,,
2104/5/32 (Monday) 30:34:24,999,255,9,LED Status,LED Intensity,6,105,105135,BASIC COUNTS,0,0,0,0,0,0,0,0,0,0.01,RAW VALUES,0,3,3,3,1,10,0,0,385,1432,turbidity,,,,
2104/5/32 (Monday) 30:34:28,999,255,9,LED Status,LED Intensity,6,109,109123,BASIC COUNTS,0,0,0,0,0,0,0,0,0,0.01,RAW VALUES,0,3,3,4,2,10,2,1,385,1428,turbidity,,,,
2104/5/32 (Monday) 30:34:32,999,255,9,LED Status,LED Intensity,6,113,113112,BASIC COUNTS,0,0,0,0,0,0,0,0,0,0.01,RAW VALUES,0,3,3,2,1,10,0,0,383,1426,turbidity,,,,
2104/5/32 (Monday) 30:34:36,999,255,9,LED Status,LED Intensity,6,117,117100,BASIC COUNTS,0,0,0,0,0,0,0,0,0,0.01,RAW VALUES,0,2,3,4,0,9,1,0,384,1428,turbidity,,,,
2104/5/32 (Monday) 30:34:40,999,255,9,LED Status,LED Intensity,6,121,121088,BASIC COUNTS,0,0,0,0,0,0,0,0,0,0.01,RAW VALUES,0,4,3,3,1,9,1,0,386,1428,turbidity,,,,
2104/5/32 (Monday) 30:34:44,999,255,9,LED Status,LED Intensity,6,125,125077,BASIC COUNTS,0,0,0,0,0,0,0,0,0,0.01,RAW VALUES,0,3,3,3,1,9,2,0,384,1428,turbidity,,,,
2104/5/32 (Monday) 30:34:48,999,255,9,LED Status,LED Intensity,6,129,129065,BASIC COUNTS,0,0,0,0,0,0,0,0,0,0.01,RAW VALUES,0,3,3,4,1,8,1,0,384,1426,turbidity,,,,
2104/5/32 (Monday) 30:34:52,999,255,9,LED Status,LED Intensity,6,133,133053,BASIC COUNTS,0,0,0,0,0,0,0,0,0,0.01,RAW VALUES,0,3,3,4,0,10,1,0,383,1424,turbidity,,,,
Date and Time,ASTEP,ATIME,GAIN,LED Status,LED Intensity,Test,Seconds,Milliseconds,Type,F1 (Basic),F2 (Basic),F3 (Basic),F4 (Basic),F5 (Basic),F6 (Basic),F7 (Basic),F8 (Basic),Clear (Basic),NIR (Basic),Type,F1 (Raw),F2 (Raw),F3 (Raw),F4 (Raw),F5 (Raw),F6 (Raw),F7 (Raw),F8 (Raw),Clear (Raw),NIR (Raw),Measurement Type,,,,
2104/5/32 (Monday) 30:38:7,999,255,9,LED Status,LED Intensity,6,4,4404,BASIC COUNTS,0,0,0,0,0,0,0,0,0.01,0,RAW VALUES,139,563,60,21,26,32,321,714,1124,14,chlorophyll a,,693.75,0.5,693.25
2104/5/32 (Monday) 30:38:11,999,255,9,LED Status,LED Intensity,6,8,8395,BASIC COUNTS,0,0,0,0,0,0,0,0,0.01,0,RAW VALUES,136,561,58,21,27,31,318,708,1114,12,chlorophyll a,,,,
2104/5/32 (Monday) 30:38:15,999,255,9,LED Status,LED Intensity,6,12,12383,BASIC COUNTS,0,0,0,0,0,0,0,0,0.01,0,RAW VALUES,136,563,59,20,26,31,317,703,1112,12,chlorophyll a,,,,
2104/5/32 (Monday) 30:38:19,999,255,9,LED Status,LED Intensity,6,16,16373,BASIC COUNTS,0,0,0,0,0,0,0,0,0.01,0,RAW VALUES,136,562,60,22,25,31,315,700,1109,12,chlorophyll a,,,,
2104/5/32 (Monday) 30:38:23,999,255,9,LED Status,LED Intensity,6,20,20362,BASIC COUNTS,0,0,0,0,0,0,0,0,0.01,0,RAW VALUES,135,561,60,22,26,31,314,696,1104,14,chlorophyll a,,,,
2104/5/32 (Monday) 30:38:27,999,255,9,LED Status,LED Intensity,6,24,24351,BASIC COUNTS,0,0,0,0,0,0,0,0,0.01,0,RAW VALUES,134,560,59,22,25,31,314,696,1103,10,chlorophyll a,,,,
2104/5/32 (Monday) 30:38:31,999,255,9,LED Status,LED Intensity,6,28,28341,BASIC COUNTS,0,0,0,0,0,0,0,0,0.01,0,RAW VALUES,133,559,59,21,26,30,313,692,1099,12,chlorophyll a,,,,
2104/5/32 (Monday) 30:38:35,999,255,9,LED Status,LED Intensity,6,32,32330,BASIC COUNTS,0,0,0,0,0,0,0,0,0.01,0,RAW VALUES,134,557,60,22,26,31,312,691,1099,10,chlorophyll a,,,,
2104/5/32 (Monday) 30:38:39,999,255,9,LED Status,LED Intensity,6,36,36321,BASIC COUNTS,0,0,0,0,0,0,0,0,0.01,0,RAW VALUES,133,559,60,22,24,30,312,691,1098,10,chlorophyll a,,,,
2104/5/32 (Monday) 30:38:43,999,255,9,LED Status,LED Intensity,6,40,40310,BASIC COUNTS,0,0,0,0,0,0,0,0,0.01,0,RAW VALUES,133,558,60,22,26,30,312,689,1098,10,chlorophyll a,,,,
2104/5/32 (Monday) 30:38:47,999,255,9,LED Status,LED Intensity,6,44,44299,BASIC COUNTS,0,0,0,0,0,0,0,0,0.01,0,RAW VALUES,133,558,60,22,26,30,311,688,1097,12,chlorophyll a,,,,
2104/5/32 (Monday) 30:38:51,999,255,9,LED Status,LED Intensity,6,48,48289,BASIC COUNTS,0,0,0,0,0,0,0,0,0.01,0,RAW VALUES,133,559,60,22,25,30,310,687,1097,12,chlorophyll a,,,,
2104/5/32 (Monday) 30:38:55,999,255,9,LED Status,LED Intensity,6,52,52277,BASIC COUNTS,0,0,0,0,0,0,0,0,0.01,0,RAW VALUES,135,563,61,23,26,31,310,687,1100,10,chlorophyll a,,,,
2104/5/32 (Monday) 30:38:59,999,255,9,LED Status,LED Intensity,6,56,56267,BASIC COUNTS,0,0,0,0,0,0,0,0,0.01,0,RAW VALUES,135,564,60,22,24,30,311,688,1100,12,chlorophyll a,,,,
2104/5/32 (Monday) 30:39:3,999,255,9,LED Status,LED Intensity,6,60,60255,BASIC COUNTS,0,0,0,0,0,0,0,0,0.01,0,RAW VALUES,133,562,60,22,24,30,308,687,1099,10,chlorophyll a,,,,
2104/5/32 (Monday) 30:39:7,999,255,9,LED Status,LED Intensity,6,64,64243,BASIC COUNTS,0,0,0,0,0,0,0,0,0.01,0,RAW VALUES,134,565,60,22,25,29,308,683,1096,12,chlorophyll a,,,,
2104/5/32 (Monday) 30:39:16,999,255,9,LED Status,LED Intensity,6,73,73232,BASIC COUNTS,0,0,0,0,0,0,0,0,0,0.01,RAW VALUES,1,4,3,5,1,12,2,1,427,1530,turbidity,,,,
2104/5/32 (Monday) 30:39:20,999,255,9,LED Status,LED Intensity,6,77,77222,BASIC COUNTS,0,0,0,0,0,0,0,0,0,0.01,RAW VALUES,2,5,4,3,1,11,2,1,416,1506,turbidity,,,,
2104/5/32 (Monday) 30:39:24,999,255,9,LED Status,LED Intensity,6,81,81210,BASIC COUNTS,0,0,0,0,0,0,0,0,0,0.01,RAW VALUES,1,5,3,4,1,11,2,0,413,1504,turbidity,,,,
2104/5/32 (Monday) 30:39:28,999,255,9,LED Status,LED Intensity,6,85,85200,BASIC COUNTS,0,0,0,0,0,0,0,0,0,0.01,RAW VALUES,1,5,3,5,2,10,1,1,413,1504,turbidity,,,,
2104/5/32 (Monday) 30:39:32,999,255,9,LED Status,LED Intensity,6,89,89188,BASIC COUNTS,0,0,0,0,0,0,0,0,0,0.01,RAW VALUES,2,4,3,4,2,10,2,1,411,1496,turbidity,,,,
2104/5/32 (Monday) 30:39:36,999,255,9,LED Status,LED Intensity,6,93,93176,BASIC COUNTS,0,0,0,0,0,0,0,0,0,0.01,RAW VALUES,1,4,3,4,1,10,0,0,412,1496,turbidity,,,,
2104/5/32 (Monday) 30:39:40,999,255,9,LED Status,LED Intensity,6,97,97164,BASIC COUNTS,0,0,0,0,0,0,0,0,0,0.01,RAW VALUES,0,4,3,3,2,12,1,0,407,1488,turbidity,,,,
2104/5/32 (Monday) 30:39:44,999,255,9,LED Status,LED Intensity,6,101,101153,BASIC COUNTS,0,0,0,0,0,0,0,0,0,0.01,RAW VALUES,1,3,3,4,1,10,0,0,409,1496,turbidity,,,,
2104/5/32 (Monday) 30:39:48,999,255,9,LED Status,LED Intensity,6,105,105142,BASIC COUNTS,0,0,0,0,0,0,0,0,0,0.01,RAW VALUES,1,4,4,5,1,10,2,1,410,1494,turbidity,,,,
2104/5/32 (Monday) 30:39:52,999,255,9,LED Status,LED Intensity,6,109,109130,BASIC COUNTS,0,0,0,0,0,0,0,0,0,0.01,RAW VALUES,1,3,3,4,2,10,1,1,409,1498,turbidity,,,,
2104/5/32 (Monday) 30:39:55,999,255,9,LED Status,LED Intensity,6,113,113118,BASIC COUNTS,0,0,0,0,0,0,0,0,0,0.01,RAW VALUES,1,3,3,4,1,11,2,1,410,1494,turbidity,,,,
2104/5/32 (Monday) 30:39:59,999,255,9,LED Status,LED Intensity,6,117,117108,BASIC COUNTS,0,0,0,0,0,0,0,0,0,0.01,RAW VALUES,2,3,3,3,1,11,2,0,409,1490,turbidity,,,,
2104/5/32 (Monday) 30:40:3,999,255,9,LED Status,LED Intensity,6,121,121096,BASIC COUNTS,0,0,0,0,0,0,0,0,0,0.01,RAW VALUES,1,3,2,3,1,10,2,0,407,1486,turbidity,,,,
2104/5/32 (Monday) 30:40:7,999,255,9,LED Status,LED Intensity,6,125,125084,BASIC COUNTS,0,0,0,0,0,0,0,0,0,0.01,RAW VALUES,1,3,3,4,1,10,1,1,408,1486,turbidity,,,,
2104/5/32 (Monday) 30:40:11,999,255,9,LED Status,LED Intensity,6,129,129074,BASIC COUNTS,0,0,0,0,0,0,0,0,0,0.01,RAW VALUES,1,3,4,4,2,10,1,0,407,1488,turbidity,,,,
2104/5/32 (Monday) 30:40:15,999,255,9,LED Status,LED Intensity,6,133,133063,BASIC COUNTS,0,0,0,0,0,0,0,0,0,0.01,RAW VALUES,1,3,3,5,0,10,1,0,408,1490,turbidity,,,,
Date and Time,ASTEP,ATIME,GAIN,LED Status,LED Intensity,Test,Seconds,Milliseconds,Type,F1 (Basic),F2 (Basic),F3 (Basic),F4 (Basic),F5 (Basic),F6 (Basic),F7 (Basic),F8 (Basic),Clear (Basic),NIR (Basic),Type,F1 (Raw),F2 (Raw),F3 (Raw),F4 (Raw),F5 (Raw),F6 (Raw),F7 (Raw),F8 (Raw),Clear (Raw),NIR (Raw),Measurement Type,,,,
2104/5/32 (Monday) 30:43:58,999,255,9,LED Status,LED Intensity,6,4,4567,BASIC COUNTS,0,0,0,0,0,0,0,0,0.01,0,RAW VALUES,148,585,64,26,33,36,407,907,1302,22,chlorophyll a,,887.375,0.125,887.25
2104/5/32 (Monday) 30:44:2,999,255,9,LED Status,LED Intensity,6,8,8557,BASIC COUNTS,0,0,0,0,0,0,0,0,0.01,0,RAW VALUES,146,585,65,26,32,38,403,899,1296,22,chlorophyll a,,,,
2104/5/32 (Monday) 30:44:6,999,255,9,LED Status,LED Intensity,6,12,12546,BASIC COUNTS,0,0,0,0,0,0,0,0,0.01,0,RAW VALUES,146,585,65,26,32,37,401,895,1293,20,chlorophyll a,,,,
2104/5/32 (Monday) 30:44:10,999,255,9,LED Status,LED Intensity,6,16,16534,BASIC COUNTS,0,0,0,0,0,0,0,0,0.01,0,RAW VALUES,144,582,65,25,31,36,399,891,1285,20,chlorophyll a,,,,
2104/5/32 (Monday) 30:44:14,999,255,9,LED Status,LED Intensity,6,20,20523,BASIC COUNTS,0,0,0,0,0,0,0,0,0.01,0,RAW VALUES,143,578,65,25,32,36,398,887,1279,20,chlorophyll a,,,,
2104/5/32 (Monday) 30:44:18,999,255,9,LED Status,LED Intensity,6,24,24511,BASIC COUNTS,0,0,0,0,0,0,0,0,0.01,0,RAW VALUES,142,579,64,24,31,36,398,886,1281,20,chlorophyll a,,,,
2104/5/32 (Monday) 30:44:22,999,255,9,LED Status,LED Intensity,6,28,28500,BASIC COUNTS,0,0,0,0,0,0,0,0,0.01,0,RAW VALUES,142,580,65,24,32,36,398,884,1277,20,chlorophyll a,,,,
2104/5/32 (Monday) 30:44:26,999,255,9,LED Status,LED Intensity,6,32,32488,BASIC COUNTS,0,0,0,0,0,0,0,0,0.01,0,RAW VALUES,145,589,66,24,31,36,396,885,1289,20,chlorophyll a,,,,
2104/5/32 (Monday) 30:44:30,999,255,9,LED Status,LED Intensity,6,36,36476,BASIC COUNTS,0,0,0,0,0,0,0,0,0.01,0,RAW VALUES,143,583,66,23,32,36,397,885,1278,20,chlorophyll a,,,,
2104/5/32 (Monday) 30:44:34,999,255,9,LED Status,LED Intensity,6,40,40465,BASIC COUNTS,0,0,0,0,0,0,0,0,0.01,0,RAW VALUES,142,578,66,25,31,36,396,883,1277,20,chlorophyll a,,,,
2104/5/32 (Monday) 30:44:38,999,255,9,LED Status,LED Intensity,6,44,44452,BASIC COUNTS,0,0,0,0,0,0,0,0,0.01,0,RAW VALUES,142,578,65,24,32,37,396,882,1274,20,chlorophyll a,,,,
2104/5/32 (Monday) 30:44:42,999,255,9,LED Status,LED Intensity,6,48,48441,BASIC COUNTS,0,0,0,0,0,0,0,0,0.01,0,RAW VALUES,141,579,66,25,32,36,397,883,1272,20,chlorophyll a,,,,
2104/5/32 (Monday) 30:44:46,999,255,9,LED Status,LED Intensity,6,52,52429,BASIC COUNTS,0,0,0,0,0,0,0,0,0.01,0,RAW VALUES,142,579,64,25,31,35,398,883,1275,20,chlorophyll a,,,,
2104/5/32 (Monday) 30:44:50,999,255,9,LED Status,LED Intensity,6,56,56418,BASIC COUNTS,0,0,0,0,0,0,0,0,0.01,0,RAW VALUES,141,578,64,24,31,37,397,884,1272,20,chlorophyll a,,,,
2104/5/32 (Monday) 30:44:54,999,255,9,LED Status,LED Intensity,6,60,60406,BASIC COUNTS,0,0,0,0,0,0,0,0,0.01,0,RAW VALUES,141,577,65,26,30,37,395,883,1271,20,chlorophyll a,,,,
2104/5/32 (Monday) 30:44:58,999,255,9,LED Status,LED Intensity,6,64,64395,BASIC COUNTS,0,0,0,0,0,0,0,0,0.01,0,RAW VALUES,140,578,65,25,31,37,397,881,1274,20,chlorophyll a,,,,
2104/5/32 (Monday) 30:45:7,999,255,9,LED Status,LED Intensity,6,73,73383,BASIC COUNTS,0,0,0,0,0,0,0,0,0,0.01,RAW VALUES,0,4,4,4,1,10,1,0,389,1410,turbidity,,,,
2104/5/32 (Monday) 30:45:11,999,255,9,LED Status,LED Intensity,6,77,77372,BASIC COUNTS,0,0,0,0,0,0,0,0,0,0.01,RAW VALUES,0,3,3,3,0,9,0,0,386,1412,turbidity,,,,
2104/5/32 (Monday) 30:45:15,999,255,9,LED Status,LED Intensity,6,81,81360,BASIC COUNTS,0,0,0,0,0,0,0,0,0,0.01,RAW VALUES,0,3,2,3,1,9,1,0,385,1408,turbidity,,,,
2104/5/32 (Monday) 30:45:19,999,255,9,LED Status,LED Intensity,6,85,85348,BASIC COUNTS,0,0,0,0,0,0,0,0,0,0.01,RAW VALUES,0,3,2,2,0,10,1,0,380,1398,turbidity,,,,
2104/5/32 (Monday) 30:45:23,999,255,9,LED Status,LED Intensity,6,89,89336,BASIC COUNTS,0,0,0,0,0,0,0,0,0,0.01,RAW VALUES,0,1,2,3,0,10,1,0,382,1408,turbidity,,,,
2104/5/32 (Monday) 30:45:27,999,255,9,LED Status,LED Intensity,6,93,93325,BASIC COUNTS,0,0,0,0,0,0,0,0,0,0.01,RAW VALUES,0,4,2,4,1,9,1,0,379,1398,turbidity,,,,
2104/5/32 (Monday) 30:45:31,999,255,9,LED Status,LED Intensity,6,97,97314,BASIC COUNTS,0,0,0,0,0,0,0,0,0,0.01,RAW VALUES,0,3,2,3,1,10,2,0,379,1396,turbidity,,,,
2104/5/32 (Monday) 30:45:35,999,255,9,LED Status,LED Intensity,6,101,101303,BASIC COUNTS,0,0,0,0,0,0,0,0,0,0.01,RAW VALUES,1,2,2,4,0,9,1,0,380,1398,turbidity,,,,
2104/5/32 (Monday) 30:45:39,999,255,9,LED Status,LED Intensity,6,105,105292,BASIC COUNTS,0,0,0,0,0,0,0,0,0,0.01,RAW VALUES,1,4,3,4,1,9,0,0,390,1434,turbidity,,,,
2104/5/32 (Monday) 30:45:43,999,255,9,LED Status,LED Intensity,6,109,109282,BASIC COUNTS,0,0,0,0,0,0,0,0,0,0.01,RAW VALUES,0,2,2,2,0,10,2,0,384,1412,turbidity,,,,
2104/5/32 (Monday) 30:45:47,999,255,9,LED Status,LED Intensity,6,113,113272,BASIC COUNTS,0,0,0,0,0,0,0,0,0,0.01,RAW VALUES,0,1,2,4,1,10,1,1,383,1424,turbidity,,,,
2104/5/32 (Monday) 30:45:51,999,255,9,LED Status,LED Intensity,6,117,117260,BASIC COUNTS,0,0,0,0,0,0,0,0,0,0.01,RAW VALUES,0,4,2,2,1,9,0,0,385,1420,turbidity,,,,
2104/5/32 (Monday) 30:45:55,999,255,9,LED Status,LED Intensity,6,121,121250,BASIC COUNTS,0,0,0,0,0,0,0,0,0,0.01,RAW VALUES,1,2,2,3,0,9,1,0,381,1402,turbidity,,,,
2104/5/32 (Monday) 30:45:59,999,255,9,LED Status,LED Intensity,6,125,125237,BASIC COUNTS,0,0,0,0,0,0,0,0,0,0.01,RAW VALUES,0,4,3,2,0,9,2,0,378,1394,turbidity,,,,
2104/5/32 (Monday) 30:46:3,999,255,9,LED Status,LED Intensity,6,129,129228,BASIC COUNTS,0,0,0,0,0,0,0,0,0,0.01,RAW VALUES,1,4,3,3,0,8,1,0,380,1404,turbidity,,,,
2104/5/32 (Monday) 30:46:7,999,255,9,LED Status,LED Intensity,6,133,133217,BASIC COUNTS,0,0,0,0,0,0,0,0,0,0.01,RAW VALUES,0,3,2,3,1,9,1,1,381,1406,turbidity,,,,